ID,price
10000,39.26654
10001,50.417778
10002,38.750656
10003,73.739586
10004,81.30159
10005,26.987709
10006,68.844086
10007,60.482147
10008,85.700584
10009,31.39959
10010,35.40012
10011,50.01214
10012,31.814968
10013,25.568504
10014,84.047066
10015,33.521435
10016,47.021072
10017,33.682777
10018,51.030212
10019,53.17991
10020,60.470093
10021,197.3705
10022,53.661842
10023,27.166077
10024,51.45813
10025,47.614944
10026,18.87082
10027,27.59413
10028,40.484043
10029,47.18811
10030,38.49736
10031,24.636673
10032,52.828754
10033,39.715088
10034,74.21875
10035,27.94347
10036,31.339218
10037,13.695981
10038,30.786236
10039,39.519318
10040,29.174389
10041,42.0868
10042,24.204157
10043,213.87076
10044,52.24129
10045,45.907784
10046,50.614502
10047,51.24488
10048,27.115906
10049,39.586258
10050,43.419155
10051,68.600716
10052,27.001225
10053,45.80201
10054,139.1637
10055,60.303432
10056,58.967125
10057,46.72627
10058,41.62267
10059,29.659029
10060,40.56381
10061,16.99892
10062,75.724205
10063,29.677761
10064,32.854942
10065,40.626415
10066,38.579056
10067,41.390717
10068,28.03638
10069,29.199017
10070,55.83852
10071,17.789558
10072,64.29985
10073,52.195965
10074,104.504074
10075,50.559914
10076,17.436575
10077,68.428696
10078,35.541424
10079,118.97055
10080,35.764145
10081,24.44955
10082,69.13498
10083,45.804558
10084,72.78237
10085,54.915874
10086,225.42981
10087,41.48428
10088,58.159714
10089,50.78318
10090,40.302162
10091,98.06979
10092,78.97183
10093,22.746265
10094,62.088753
10095,25.824705
10096,30.237103
10097,34.631184
10098,38.49436
10099,34.13694
10100,107.34959
10101,66.36095
10102,33.552322
10103,42.96201
10104,38.731205
10105,32.31349
10106,75.377815
10107,30.345848
10108,93.99826
10109,12.446129
10110,23.933567
10111,45.626133
10112,40.98401
10113,45.85139
10114,33.624474
10115,74.41429
10116,16.497414
10117,146.25511
10118,29.858482
10119,55.247787
10120,57.60856
10121,46.227615
10122,31.220575
10123,91.51871
10124,27.545383
10125,48.10227
10126,73.81976
10127,110.0143
10128,32.685028
10129,218.11548
10130,57.613033
10131,68.18898
10132,40.455284
10133,25.340866
10134,28.444721
10135,130.06606
10136,35.721535
10137,47.762955
10138,26.874466
10139,78.71072
10140,22.074196
10141,59.856438
10142,65.67143
10143,60.110916
10144,21.946476
10145,42.588406
10146,338.41797
10147,41.57445
10148,20.810684
10149,60.813385
10150,24.018911
10151,114.004715
10152,52.455357
10153,51.20926
10154,175.00285
10155,50.6306
10156,51.445816
10157,49.163498
10158,43.47624
10159,26.621805
10160,28.974167
10161,100.09192
10162,57.56688
10163,55.81191
10164,38.037952
10165,111.55974
10166,34.63643
10167,18.92041
10168,56.83433
10169,26.869555
10170,32.170082
10171,28.413933
10172,56.792595
10173,32.17982
10174,49.82749
10175,24.50547
10176,88.771736
10177,53.970024
10178,23.609013
10179,21.710302
10180,29.97319
10181,21.096285
10182,84.78068
10183,57.26291
10184,35.221603
10185,32.88923
10186,56.2423
10187,46.181046
10188,39.18064
10189,33.654648
10190,47.785202
10191,28.625164
10192,23.192291
10193,20.558079
10194,28.912865
10195,36.410625
10196,42.811974
10197,31.008244
10198,32.40165
10199,58.00437
10200,55.980297
10201,68.754486
10202,91.58618
10203,65.492516
10204,62.106373
10205,22.20677
10206,38.093544
10207,27.469208
10208,55.360466
10209,23.849419
10210,23.16302
10211,104.17222
10212,50.352333
10213,111.965576
10214,25.622223
10215,25.11184
10216,60.04471
10217,35.050743
10218,30.428314
10219,18.626049
10220,29.721624
10221,76.648575
10222,49.713844
10223,68.88682
10224,54.14888
10225,19.574741
10226,36.030785
10227,21.670557
10228,20.073576
10229,24.124718
10230,35.756767
10231,35.094612
10232,87.247574
10233,66.31416
10234,25.692085
10235,130.3081
10236,50.20642
10237,49.658005
10238,67.80502
10239,68.93096
10240,46.077904
10241,57.386154
10242,34.90222
10243,38.493877
10244,65.27444
10245,72.644966
10246,29.696394
10247,45.275093
10248,31.834194
10249,76.77781
10250,68.11287
10251,83.19646
10252,54.490086
10253,69.43901
10254,161.33542
10255,64.22247
10256,22.576828
10257,51.363083
10258,77.569405
10259,55.889023
10260,38.141235
10261,63.750324
10262,38.90568
10263,53.264233
10264,93.43898
10265,48.063477
10266,32.326748
10267,63.09735
10268,53.88453
10269,42.758266
10270,194.36838
10271,72.87117
10272,63.23784
10273,82.90257
10274,53.471306
10275,73.25174
10276,20.710148
10277,117.52792
10278,44.84291
10279,25.399036
10280,50.29163
10281,50.71563
10282,50.70741
10283,55.249672
10284,24.074375
10285,25.137947
10286,30.195099
10287,54.452484
10288,44.043877
10289,170.83763
10290,36.318302
10291,45.50896
10292,44.330677
10293,34.305805
10294,32.251766
10295,70.03278
10296,75.277374
10297,44.275986
10298,30.259594
10299,49.920036
10300,56.60221
10301,26.814201
10302,33.514057
10303,61.594635
10304,125.55365
10305,64.63003
10306,51.9021
10307,35.13733
10308,76.66156
10309,32.922127
10310,58.12323
10311,12.841985
10312,38.69073
10313,20.15823
10314,39.756367
10315,23.067286
10316,49.804382
10317,59.811115
10318,25.304108
10319,50.48594
10320,221.23311
10321,44.349556
10322,39.203453
10323,26.132124
10324,28.845915
10325,69.2788
10326,80.51509
10327,58.00788
10328,35.092712
10329,97.54021
10330,21.169346
10331,41.52289
10332,27.446695
10333,38.48557
10334,71.40103
10335,43.378506
10336,34.92239
10337,7.7325583
10338,56.08268
10339,65.44307
10340,31.023783
10341,31.457481
10342,56.3159
10343,47.018234
10344,57.92405
10345,40.27496
10346,26.280912
10347,27.90223
10348,70.044685
10349,41.36599
10350,26.217705
10351,44.741386
10352,25.035147
10353,103.14512
10354,28.715584
10355,24.151548
10356,35.072235
10357,29.951073
10358,43.045273
10359,15.830459
10360,52.420845
10361,91.84009
10362,17.94106
10363,16.36582
10364,18.421246
10365,37.273384
10366,38.315536
10367,23.071798
10368,25.928871
10369,22.964354
10370,72.81439
10371,121.194626
10372,56.503117
10373,45.686424
10374,29.056763
10375,117.22424
10376,22.48504
10377,52.383743
10378,68.82079
10379,72.246
10380,38.40667
10381,69.47805
10382,61.600945
10383,32.29685
10384,43.442806
10385,41.61453
10386,109.80498
10387,25.574348
10388,58.974724
10389,44.260838
10390,46.833084
10391,25.865576
10392,65.51467
10393,22.722761
10394,58.547016
10395,23.05551
10396,37.91429
10397,19.186838
10398,81.42601
10399,45.878952
10400,31.797787
10401,23.382334
10402,168.01059
10403,60.4421
10404,15.993083
10405,56.468094
10406,121.28286
10407,80.19655
10408,14.051515
10409,23.519089
10410,69.46149
10411,62.512314
10412,22.293951
10413,22.884493
10414,21.643194
10415,51.12478
10416,32.8012
10417,41.922043
10418,24.607265
10419,52.507126
10420,40.21435
10421,32.232162
10422,22.742498
10423,30.600122
10424,40.17423
10425,24.510757
10426,42.256752
10427,41.01327
10428,24.149187
10429,69.50474
10430,22.91138
10431,58.315384
10432,38.333714
10433,44.25693
10434,33.860046
10435,44.16015
10436,69.43601
10437,19.738132
10438,55.146385
10439,126.01178
10440,33.98011
10441,30.245728
10442,44.01382
10443,53.7753
10444,43.353897
10445,142.43375
10446,53.91445
10447,51.026814
10448,64.09692
10449,164.5067
10450,32.020695
10451,45.04742
10452,56.463303
10453,23.293982
10454,40.896973
10455,41.81212
10456,65.34589
10457,26.095577
10458,22.84946
10459,25.430454
10460,66.27471
10461,31.461685
10462,51.642483
10463,20.077158
10464,40.84863
10465,28.540031
10466,52.247482
10467,37.742455
10468,38.888023
10469,40.825928
10470,50.46473
10471,37.29178
10472,38.931316
10473,28.79325
10474,33.9207
10475,24.725544
10476,50.880596
10477,43.25109
10478,20.47839
10479,34.59395
10480,38.1923
10481,51.165314
10482,38.008823
10483,33.001293
10484,31.879608
10485,32.786774
10486,34.299046
10487,47.78915
10488,46.464844
10489,38.50928
10490,38.56866
10491,118.15138
10492,66.44154
10493,23.274796
10494,58.906605
10495,17.399033
10496,85.99094
10497,52.61992
10498,88.43917
10499,30.164108
10500,60.335804
10501,68.27858
10502,53.929054
10503,67.83947
10504,21.994286
10505,78.26033
10506,36.31247
10507,34.258392
10508,44.380196
10509,90.71508
10510,24.737667
10511,63.387974
10512,75.2034
10513,78.66792
10514,46.12306
10515,132.04192
10516,77.21453
10517,55.75627
10518,42.758057
10519,38.14177
10520,43.565228
10521,28.74047
10522,19.828453
10523,97.3136
10524,55.090027
10525,75.03747
10526,36.063667
10527,24.91225
10528,44.2875
10529,45.398945
10530,31.208693
10531,21.270178
10532,28.867912
10533,28.992815
10534,72.33098
10535,57.93595
10536,63.87759
10537,44.534954
10538,51.942562
10539,92.42433
10540,31.457436
10541,19.98334
10542,83.77742
10543,85.66516
10544,21.366457
10545,110.95094
10546,47.232018
10547,25.057697
10548,55.187996
10549,47.519356
10550,43.432022
10551,103.60942
10552,36.264984
10553,38.244873
10554,24.657871
10555,45.60263
10556,34.527943
10557,60.918877
10558,44.654278
10559,34.45391
10560,27.934444
10561,30.070126
10562,31.191517
10563,134.78407
10564,43.182446
10565,33.023952
10566,64.26672
10567,22.08671
10568,55.936455
10569,39.8435
10570,42.19563
10571,40.054825
10572,38.83233
10573,29.861115
10574,65.02063
10575,65.68358
10576,13.817704
10577,86.17769
10578,49.697002
10579,43.70832
10580,23.121246
10581,37.862267
10582,56.59948
10583,22.964815
10584,39.834526
10585,38.153847
10586,26.534061
10587,23.842213
10588,25.861832
10589,28.16362
10590,61.03384
10591,45.590057
10592,10.281079
10593,36.561295
10594,35.344074
10595,67.103745
10596,23.614037
10597,59.38587
10598,33.68719
10599,35.677094
10600,31.065182
10601,53.738728
10602,47.082397
10603,56.492416
10604,45.725708
10605,31.974646
10606,19.800707
10607,37.618202
10608,38.70719
10609,57.56249
10610,66.1341
10611,60.182854
10612,30.75237
10613,31.593761
10614,121.426285
10615,22.530628
10616,66.30258
10617,54.299164
10618,30.959068
10619,49.989094
10620,101.96684
10621,63.993942
10622,33.664566
10623,46.882324
10624,46.741856
10625,45.741264
10626,18.396997
10627,21.362452
10628,42.13165
10629,32.332626
10630,42.80709
10631,40.181355
10632,63.82577
10633,21.672728
10634,54.279736
10635,40.955605
10636,34.157204
10637,50.118004
10638,26.240143
10639,40.37337
10640,33.14904
10641,19.196032
10642,41.854538
10643,53.067726
10644,79.78468
10645,16.707489
10646,38.753727
10647,51.731636
10648,49.700302
10649,42.375126
10650,31.618645
10651,137.44702
10652,47.970345
10653,98.267365
10654,43.74427
10655,37.771576
10656,29.37672
10657,27.791275
10658,29.269468
10659,70.33755
10660,33.125435
10661,60.78888
10662,91.39395
10663,48.515503
10664,34.995445
10665,34.843052
10666,126.32806
10667,39.12272
10668,36.27768
10669,36.67919
10670,51.796783
10671,39.16828
10672,30.669437
10673,87.99905
10674,31.117714
10675,47.31346
10676,31.882874
10677,80.86366
10678,49.357037
10679,24.693907
10680,70.055786
10681,24.366402
10682,28.937864
10683,48.745705
10684,56.096546
10685,45.50366
10686,26.25413
10687,73.96581
10688,101.73837
10689,44.52955
10690,70.89395
10691,60.25087
10692,99.098236
10693,42.007526
10694,83.374886
10695,36.350945
10696,65.63818
10697,29.810682
10698,24.427132
10699,36.068558
10700,84.2386
10701,55.612335
10702,36.520374
10703,51.795982
10704,35.055725
10705,50.48301
10706,36.914474
10707,43.997658
10708,33.80042
10709,35.383892
10710,21.634636
10711,38.21484
10712,18.223888
10713,31.978388
10714,64.99733
10715,40.372368
10716,46.46407
10717,28.263775
10718,108.800476
10719,42.86768
10720,45.251823
10721,24.715601
10722,33.699158
10723,18.513474
10724,55.146275
10725,39.333096
10726,50.322334
10727,27.093548
10728,50.6837
10729,38.461807
10730,47.50719
10731,48.731907
10732,145.68073
10733,22.676117
10734,33.60627
10735,35.352158
10736,65.72884
10737,131.39597
10738,117.466385
10739,30.041153
10740,44.69951
10741,31.495966
10742,62.02275
10743,99.48804
10744,28.866194
10745,35.62191
10746,28.195051
10747,53.20206
10748,56.949394
10749,25.974152
10750,27.624569
10751,64.94941
10752,56.513603
10753,92.39347
10754,28.54166
10755,98.89435
10756,35.846046
10757,11.385143
10758,49.41137
10759,28.732433
10760,31.042625
10761,28.944788
10762,34.11594
10763,61.58645
10764,49.647453
10765,25.355421
10766,23.693424
10767,48.72174
10768,46.33985
10769,27.598625
10770,34.5247
10771,69.27507
10772,85.661514
10773,117.44209
10774,31.441154
10775,55.208908
10776,89.981224
10777,42.987
10778,44.383324
10779,42.94407
10780,61.3012
10781,16.18219
10782,94.73793
10783,72.283554
10784,64.25888
10785,32.69648
10786,36.327774
10787,49.944862
10788,21.277344
10789,53.848953
10790,84.43198
10791,21.475733
10792,32.8623
10793,49.210968
10794,36.602043
10795,67.311935
10796,41.43412
10797,35.514812
10798,46.426094
10799,58.181736
10800,38.24952
10801,193.86765
10802,38.834805
10803,127.539246
10804,41.75766
10805,48.784378
10806,39.580322
10807,60.320724
10808,48.311966
10809,30.224579
10810,20.763184
10811,75.24222
10812,31.10627
10813,33.766575
10814,40.369545
10815,79.63949
10816,36.363525
10817,38.208046
10818,83.82213
10819,16.92701
10820,80.60469
10821,74.513756
10822,81.87973
10823,140.93117
10824,25.56215
10825,77.01483
10826,80.26546
10827,57.551426
10828,25.702187
10829,25.730526
10830,18.06854
10831,63.082474
10832,84.136154
10833,28.87709
10834,47.75451
10835,43.49101
10836,47.4325
10837,32.353294
10838,36.792404
10839,32.58994
10840,69.534096
10841,33.072052
10842,18.159428
10843,57.53309
10844,42.12929
10845,76.36096
10846,41.574276
10847,26.68248
10848,54.80549
10849,58.211617
10850,427.09167
10851,33.361347
10852,48.16713
10853,34.822304
10854,63.703293
10855,34.36418
10856,20.117811
10857,39.576935
10858,85.94883
10859,39.099113
10860,36.054604
10861,66.31711
10862,36.65405
10863,25.188248
10864,22.539722
10865,137.58762
10866,58.875343
10867,53.87404
10868,31.939842
10869,23.020481
10870,36.411396
10871,52.71602
10872,28.177765
10873,39.764175
10874,69.7995
10875,57.68551
10876,45.430065
10877,22.709827
10878,48.72132
10879,53.6204
10880,43.2452
10881,34.895775
10882,15.245393
10883,41.872868
10884,41.77004
10885,20.875305
10886,34.462357
10887,97.454865
10888,46.036522
10889,34.382385
10890,36.881786
10891,47.54628
10892,43.06698
10893,56.930103
10894,68.56936
10895,41.732265
10896,57.05816
10897,27.047049
10898,17.088682
10899,67.16439
10900,34.784363
10901,45.4203
10902,66.055786
10903,29.508204
10904,21.80412
10905,55.309162
10906,29.558392
10907,36.929977
10908,23.910069
10909,37.57353
10910,58.977013
10911,28.323992
10912,39.196762
10913,71.92091
10914,34.205814
10915,44.271385
10916,46.164288
10917,45.527718
10918,32.13675
10919,24.013626
10920,22.511698
10921,66.06528
10922,80.43938
10923,66.39928
10924,20.645676
10925,42.01484
10926,31.263237
10927,26.401627
10928,121.73151
10929,23.498686
10930,67.98253
10931,41.17793
10932,36.365047
10933,48.921562
10934,23.249811
10935,33.01083
10936,22.462929
10937,47.156265
10938,37.359135
10939,67.194725
10940,30.211884
10941,41.020214
10942,54.006584
10943,36.949787
10944,53.068787
10945,41.974823
10946,93.70664
10947,31.188221
10948,55.742386
10949,49.23087
10950,24.688217
10951,148.65306
10952,40.84877
10953,36.06196
10954,64.19343
10955,111.90915
10956,26.8134
10957,88.69542
10958,30.331291
10959,53.306313
10960,35.370483
10961,30.02285
10962,67.60532
10963,47.765903
10964,37.25058
10965,120.60795
10966,28.206688
10967,138.94965
10968,27.768723
10969,69.86979
10970,24.83685
10971,23.538202
10972,42.977444
10973,25.245838
10974,33.47759
10975,27.006977
10976,120.96127
10977,47.83052
10978,18.29799
10979,26.670345
10980,30.07296
10981,140.35767
10982,25.514963
10983,30.644825
10984,33.997437
10985,72.23705
10986,21.169878
10987,29.319439
10988,44.182514
10989,28.574753
10990,37.3853
10991,40.23949
10992,58.725906
10993,29.846813
10994,41.85586
10995,66.364586
10996,31.9696
10997,27.194456
10998,162.49062
10999,65.331314
11000,46.313675
11001,24.836456
11002,38.998455
11003,28.855825
11004,49.32383
11005,91.30498
11006,18.189484
11007,51.9027
11008,54.9879
11009,32.58107
11010,28.083584
11011,123.79523
11012,58.79915
11013,22.211327
11014,23.182941
11015,86.164635
11016,60.97774
11017,32.653484
11018,38.815742
11019,136.35153
11020,28.62761
11021,33.282337
11022,61.354492
11023,19.637363
11024,50.106026
11025,53.691917
11026,58.37841
11027,44.014225
11028,75.172714
11029,41.817093
11030,50.751007
11031,44.649693
11032,12.552124
11033,47.836815
11034,40.6194
11035,31.149017
11036,67.52379
11037,52.456314
11038,31.774658
11039,54.973434
11040,30.950727
11041,25.188396
11042,61.098595
11043,123.81532
11044,95.14408
11045,100.54141
11046,97.118126
11047,50.64069
11048,46.810204
11049,24.813618
11050,111.365906
11051,30.42852
11052,46.20133
11053,37.25582
11054,53.63363
11055,57.07549
11056,83.229004
11057,136.46274
11058,43.321056
11059,29.04139
11060,40.517204
11061,45.056416
11062,77.941124
11063,47.72474
11064,47.135708
11065,27.353672
11066,57.7864
11067,49.672455
11068,50.856277
11069,177.42998
11070,75.44818
11071,33.13405
11072,51.09144
11073,31.452362
11074,25.097195
11075,38.613724
11076,56.52099
11077,22.792831
11078,36.02559
11079,29.913681
11080,34.398277
11081,46.221413
11082,73.614105
11083,27.129467
11084,20.938206
11085,30.381203
11086,35.38837
11087,38.277004
11088,139.37863
11089,70.99249
11090,89.55678
11091,62.482094
11092,33.031845
11093,18.634151
11094,57.96046
11095,32.429016
11096,59.1817
11097,24.947365
11098,56.220074
11099,46.418
11100,29.626465
11101,60.623623
11102,36.09699
11103,46.367165
11104,38.176086
11105,41.836754
11106,48.048874
11107,22.627882
11108,54.885094
11109,24.716825
11110,35.61896
11111,67.62741
11112,34.723022
11113,29.426388
11114,53.940475
11115,42.652393
11116,16.028542
11117,33.645157
11118,93.16643
11119,28.56807
11120,42.00066
11121,31.104824
11122,104.52717
11123,35.36807
11124,54.234608
11125,43.543564
11126,35.981342
11127,26.673246
11128,43.076004
11129,24.635181
11130,28.398987
11131,34.93826
11132,54.383812
11133,34.823708
11134,39.242718
11135,49.432747
11136,59.371613
11137,48.48172
11138,103.302444
11139,52.522842
11140,63.67332
11141,40.191536
11142,26.156612
11143,44.99447
11144,58.6306
11145,93.88053
11146,64.67868
11147,60.402885
11148,36.737076
11149,42.909195
11150,33.464798
11151,45.06386
11152,80.36828
11153,174.83847
11154,24.78891
11155,36.101692
11156,36.199146
11157,35.10344
11158,42.562172
11159,105.03615
11160,37.229458
11161,61.04734
11162,54.697247
11163,57.76005
11164,30.477371
11165,64.0574
11166,73.75693
11167,105.99791
11168,33.686623
11169,27.935581
11170,91.769516
11171,17.801819
11172,49.132175
11173,16.332787
11174,35.29583
11175,58.211933
11176,35.9911
11177,127.44504
11178,27.750103
11179,41.876347
11180,53.088394
11181,41.383644
11182,50.80474
11183,25.70493
11184,96.53175
11185,34.44519
11186,52.234566
11187,37.65923
11188,35.37194
11189,54.78414
11190,45.691727
11191,29.432718
11192,22.44522
11193,68.30861
11194,51.716995
11195,52.917404
11196,47.216007
11197,25.044163
11198,58.928555
11199,57.721188
11200,90.21396
11201,29.94611
11202,69.81142
11203,21.701181
11204,88.43173
11205,99.35822
11206,27.169117
11207,56.937485
11208,102.33023
11209,40.664288
11210,30.855347
11211,53.766277
11212,29.80056
11213,27.840149
11214,17.952858
11215,120.42509
11216,43.653336
11217,64.69766
11218,58.783195
11219,80.191025
11220,34.61317
11221,67.04151
11222,82.63031
11223,43.544197
11224,25.3695
11225,34.15029
11226,27.511139
11227,31.013227
11228,29.032967
11229,21.615417
11230,106.238464
11231,55.21987
11232,67.29104
11233,95.36836
11234,62.980907
11235,33.196484
11236,85.70579
11237,23.83204
11238,34.735615
11239,72.28042
11240,46.268135
11241,27.715355
11242,49.023056
11243,67.78935
11244,35.28784
11245,82.45957
11246,22.584705
11247,51.093513
11248,61.284245
11249,39.749153
11250,49.736156
11251,54.590096
11252,57.501167
11253,53.29948
11254,36.690426
11255,125.65402
11256,28.382792
11257,68.908646
11258,34.811085
11259,45.502945
11260,43.70695
11261,89.137215
11262,52.97779
11263,56.28739
11264,57.261143
11265,39.7384
11266,95.68207
11267,70.7178
11268,93.694695
11269,44.46015
11270,24.506762
11271,23.988085
11272,42.88615
11273,61.29252
11274,35.45017
11275,103.90004
11276,35.75797
11277,78.29657
11278,39.618515
11279,25.806557
11280,52.215813
11281,18.865686
11282,25.45063
11283,154.30046
11284,41.653194
11285,72.512985
11286,21.676203
11287,37.46431
11288,45.211346
11289,48.208
11290,50.740074
11291,27.974123
11292,45.134686
11293,28.05806
11294,52.343224
11295,36.864677
11296,40.793037
11297,31.745335
11298,30.238476
11299,20.769634
11300,42.581837
11301,62.449516
11302,39.06111
11303,30.332495
11304,25.131721
11305,114.01973
11306,40.859673
11307,93.50525
11308,54.249714
11309,17.69765
11310,25.538425
11311,44.158478
11312,46.36698
11313,32.1685
11314,53.614906
11315,58.8018
11316,32.472473
11317,71.104034
11318,39.743156
11319,48.782772
11320,31.378838
11321,58.940563
11322,18.212208
11323,79.00194
11324,32.524536
11325,60.841164
11326,49.349228
11327,33.180573
11328,37.310387
11329,43.933926
11330,52.268143
11331,60.727535
11332,34.632816
11333,85.10959
11334,35.847546
11335,41.942307
11336,13.356801
11337,52.412872
11338,61.428642
11339,58.03183
11340,63.765316
11341,45.99566
11342,32.990547
11343,44.305573
11344,23.792965
11345,36.376865
11346,24.251575
11347,33.027187
11348,33.69068
11349,26.753767
11350,199.62192
11351,27.998425
11352,36.055202
11353,44.474472
11354,34.31777
11355,55.842636
11356,56.98107
11357,84.70352
11358,36.98324
11359,127.66916
11360,28.097366
11361,32.858948
11362,14.759801
11363,59.668365
11364,33.76713
11365,63.06172
11366,30.448772
11367,131.36005
11368,23.490088
11369,114.55609
11370,74.51207
11371,72.00902
11372,41.339226
11373,81.90174
11374,98.192764
11375,59.084785
11376,27.708773
11377,37.137733
11378,59.109875
11379,56.216034
11380,42.42946
11381,28.426521
11382,44.8705
11383,36.632023
11384,49.833054
11385,26.167126
11386,30.178465
11387,37.257324
11388,27.888783
11389,17.340895
11390,29.544895
11391,29.579578
11392,28.639727
11393,46.7164
11394,68.47116
11395,193.2392
11396,49.56295
11397,136.69724
11398,53.803307
11399,41.144672
11400,23.324217
11401,49.344917
11402,29.958168
11403,51.20794
11404,50.50436
11405,36.674248
11406,76.433136
11407,34.351593
11408,25.048847
11409,30.874552
11410,37.59147
11411,35.226665
11412,78.5846
11413,107.16629
11414,61.91999
11415,59.69899
11416,86.24463
11417,47.584293
11418,62.497017
11419,57.132946
11420,118.6741
11421,96.45487
11422,58.431168
11423,52.592346
11424,62.978127
11425,20.678041
11426,31.391193
11427,131.00299
11428,78.629845
11429,45.822205
11430,31.3811
11431,54.520294
11432,16.104523
11433,46.571415
11434,38.828953
11435,26.34529
11436,35.573235
11437,36.503716
11438,101.469025
11439,22.490044
11440,76.21269
11441,32.84004
11442,29.100887
11443,36.34532
11444,74.49562
11445,19.181543
11446,102.92328
11447,69.00987
11448,33.53559
11449,65.47617
11450,59.825493
11451,30.57724
11452,31.086916
11453,122.02299
11454,50.895615
11455,45.072926
11456,81.99126
11457,44.593246
11458,92.25778
11459,57.424534
11460,167.866
11461,28.33219
11462,80.18671
11463,46.588554
11464,28.439262
11465,28.863167
11466,23.454016
11467,74.48707
11468,31.465542
11469,37.993988
11470,35.397457
11471,55.486237
11472,97.34566
11473,25.455158
11474,33.519222
11475,136.49684
11476,24.074753
11477,34.296326
11478,103.19365
11479,27.571478
11480,33.3985
11481,54.209976
11482,66.86446
11483,31.817963
11484,60.130302
11485,110.82294
11486,52.554077
11487,67.23178
11488,40.321377
11489,32.414192
11490,36.831482
11491,21.750244
11492,47.595146
11493,31.594223
11494,35.574455
11495,58.37526
11496,28.735968
11497,40.730064
11498,33.76294
11499,35.02525
11500,44.302704
11501,72.38352
11502,28.199135
11503,48.764725
11504,39.570404
11505,46.439056
11506,48.14132
11507,43.079285
11508,59.4281
11509,47.996265
11510,46.113373
11511,43.57652
11512,45.387497
11513,34.41765
11514,30.284134
11515,44.036846
11516,76.278625
11517,43.8423
11518,27.689
11519,49.74351
11520,41.910053
11521,30.95084
11522,42.39391
11523,24.202852
11524,25.471542
11525,61.861908
11526,22.749622
11527,83.66173
11528,20.838863
11529,38.74993
11530,27.243828
11531,34.219902
11532,45.100716
11533,28.284113
11534,35.150597
11535,55.26364
11536,32.70845
11537,51.036827
11538,96.67312
11539,54.026726
11540,119.83363
11541,41.992813
11542,44.123253
11543,98.196075
11544,27.231197
11545,39.934654
11546,74.07024
11547,49.4468
11548,59.410862
11549,52.725464
11550,25.510172
11551,33.629787
11552,31.749672
11553,53.383682
11554,69.86328
11555,53.333015
11556,43.47853
11557,51.199875
11558,45.844055
11559,43.505836
11560,33.433132
11561,35.570488
11562,80.17016
11563,50.74779
11564,49.718193
11565,45.50018
11566,26.4931
11567,45.089436
11568,148.11168
11569,53.234184
11570,34.335854
11571,71.33034
11572,46.583157
11573,32.973328
11574,28.479383
11575,25.713543
11576,65.32441
11577,57.07522
11578,24.717083
11579,51.925358
11580,28.165806
11581,24.979456
11582,55.939102
11583,23.507072
11584,68.836075
11585,193.45563
11586,20.478418
11587,79.67323
11588,79.28859
11589,31.44603
11590,48.54505
11591,60.120636
11592,46.911217
11593,56.747017
11594,46.871902
11595,27.804941
11596,33.700497
11597,43.321712
11598,18.380342
11599,69.69332
11600,42.786736
11601,20.290937
11602,33.320194
11603,59.02962
11604,146.81018
11605,74.91611
11606,78.96987
11607,64.71197
11608,114.21604
11609,70.92818
11610,54.11701
11611,27.929031
11612,32.011276
11613,51.05043
11614,64.036995
11615,45.123245
11616,37.518185
11617,22.707106
11618,94.19448
11619,108.27541
11620,95.40375
11621,40.122856
11622,79.102356
11623,40.22178
11624,157.02925
11625,47.14646
11626,164.9591
11627,70.46626
11628,32.209347
11629,21.480902
11630,72.64157
11631,85.72578
11632,117.81114
11633,25.9637
11634,37.42238
11635,48.714935
11636,36.36266
11637,66.0799
11638,59.09328
11639,74.39437
11640,31.598028
11641,116.82749
11642,22.888418
11643,28.772285
11644,44.21887
11645,63.0699
11646,24.76876
11647,21.578884
11648,131.15045
11649,37.08812
11650,60.7285
11651,59.168648
11652,36.20594
11653,31.020111
11654,34.245747
11655,63.24836
11656,78.36459
11657,88.90019
11658,47.032722
11659,31.630856
11660,40.57937
11661,89.79842
11662,24.234863
11663,43.59571
11664,32.869648
11665,102.72992
11666,38.448112
11667,89.84896
11668,38.19729
11669,56.941254
11670,75.317924
11671,23.876371
11672,22.288494
11673,41.409912
11674,21.036997
11675,30.316418
11676,27.956402
11677,58.458595
11678,53.845615
11679,38.875267
11680,32.054924
11681,87.701385
11682,42.38742
11683,106.43085
11684,41.688614
11685,91.15512
11686,29.435616
11687,22.33987
11688,109.52548
11689,53.804905
11690,30.426926
11691,69.234695
11692,145.15395
11693,33.649593
11694,34.12774
11695,20.310064
11696,79.7089
11697,60.72412
11698,47.64156
11699,52.040943
11700,35.562134
11701,53.444668
11702,17.614216
11703,22.296364
11704,29.914955
11705,24.346848
11706,56.63642
11707,43.368187
11708,24.337334
11709,60.63652
11710,60.151684
11711,152.69849
11712,63.109257
11713,29.585155
11714,25.772741
11715,34.41813
11716,26.578583
11717,32.24723
11718,23.318083
11719,73.279785
11720,50.97505
11721,44.61061
11722,49.364708
11723,59.906075
11724,76.0173
11725,114.08373
11726,36.416515
11727,57.245598
11728,27.145538
11729,35.730537
11730,68.02405
11731,42.37337
11732,21.304482
11733,38.476936
11734,411.7926
11735,22.423164
11736,19.912172
11737,24.21455
11738,27.544092
11739,27.91219
11740,48.061188
11741,54.510075
11742,54.494713
11743,63.010506
11744,48.443253
11745,55.28132
11746,48.085
11747,56.068123
11748,65.48725
11749,27.361635
11750,10.71135
11751,34.746838
11752,26.011795
11753,23.340788
11754,36.727375
11755,37.557228
11756,25.731281
11757,16.84427
11758,69.54257
11759,59.80301
11760,72.865326
11761,84.60317
11762,75.62221
11763,67.355194
11764,32.296394
11765,33.43815
11766,23.18575
11767,46.537857
11768,49.450356
11769,142.34508
11770,26.956171
11771,50.588055
11772,46.607918
11773,30.509224
11774,33.18041
11775,43.741547
11776,38.17341
11777,49.92926
11778,30.041466
11779,163.18494
11780,50.30852
11781,22.247719
11782,54.314377
11783,65.51023
11784,26.83182
11785,31.55905
11786,90.158554
11787,65.99101
11788,56.095177
11789,54.84269
11790,79.04596
11791,136.93246
11792,34.032925
11793,70.77268
11794,45.44014
11795,65.159164
11796,29.459736
11797,288.5091
11798,33.059982
11799,40.281235
11800,35.096832
11801,24.40482
11802,22.045507
11803,25.350273
11804,56.62593
11805,22.694725
11806,25.138775
11807,52.80558
11808,51.478218
11809,67.257225
11810,62.079678
11811,17.725786
11812,30.13779
11813,24.37721
11814,56.023445
11815,35.362267
11816,180.82724
11817,35.13284
11818,56.518562
11819,23.875874
11820,27.587322
11821,33.013237
11822,49.692276
11823,72.80215
11824,92.81741
11825,26.047386
11826,42.91445
11827,29.14256
11828,43.61995
11829,49.28479
11830,26.7621
11831,126.50125
11832,47.777985
11833,59.607254
11834,24.421333
11835,30.240791
11836,24.135849
11837,53.021576
11838,78.14458
11839,43.986416
11840,52.795128
11841,86.690125
11842,81.07636
11843,50.712578
11844,66.6479
11845,30.329731
11846,37.053154
11847,50.424515
11848,26.090105
11849,55.68128
11850,26.272755
11851,20.851265
11852,33.419262
11853,104.836
11854,65.227264
11855,35.013844
11856,32.83838
11857,54.109737
11858,46.860252
11859,42.220707
11860,14.360564
11861,48.61006
11862,50.36769
11863,59.0541
11864,65.06006
11865,93.57921
11866,20.744473
11867,38.301804
11868,36.958515
11869,113.48421
11870,66.00391
11871,33.568123
11872,59.116257
11873,26.162739
11874,47.22815
11875,43.43674
11876,83.05775
11877,42.734554
11878,62.14958
11879,20.638672
11880,43.581802
11881,60.046314
11882,29.576645
11883,23.398243
11884,54.733162
11885,60.935738
11886,137.02812
11887,91.24996
11888,28.458523
11889,28.158478
11890,41.72464
11891,58.89603
11892,30.093105
11893,32.218533
11894,47.259705
11895,31.49517
11896,44.838688
11897,27.762579
11898,64.042656
11899,28.146824
11900,26.517765
11901,37.525307
11902,35.962074
11903,33.494843
11904,28.03611
11905,33.1211
11906,65.40123
11907,97.41369
11908,41.80842
11909,77.57281
11910,35.913326
11911,27.65364
11912,49.28856
11913,62.491474
11914,23.702332
11915,59.42685
11916,32.398617
11917,78.77969
11918,59.533833
11919,39.253807
11920,28.66542
11921,48.43248
11922,32.065018
11923,60.473907
11924,39.114403
11925,31.6189
11926,30.023376
11927,22.773027
11928,37.22808
11929,35.392822
11930,61.690315
11931,54.39807
11932,39.61708
11933,45.53657
11934,32.95437
11935,30.251076
11936,146.25145
11937,72.68125
11938,37.651585
11939,95.257385
11940,41.48043
11941,33.845043
11942,47.995117
11943,30.25565
11944,18.794222
11945,51.312553
11946,84.745094
11947,80.83656
11948,29.021393
11949,45.53119
11950,23.655155
11951,67.52706
11952,104.58024
11953,111.044556
11954,207.59995
11955,25.195597
11956,13.795136
11957,54.98105
11958,64.653984
11959,39.289093
11960,63.06021
11961,67.32535
11962,33.18033
11963,50.81975
11964,34.118008
11965,238.08289
11966,67.09965
11967,34.333794
11968,42.982548
11969,27.166658
11970,41.20544
11971,42.006924
11972,108.18869
11973,43.498253
11974,76.75078
11975,72.23326
11976,120.36278
11977,23.538074
11978,75.33284
11979,66.071815
11980,68.375565
11981,76.10196
11982,58.56324
11983,41.751778
11984,100.49898
11985,43.59065
11986,47.547916
11987,136.85501
11988,59.092743
11989,28.894642
11990,31.697989
11991,42.176723
11992,70.92919
11993,64.73834
11994,52.830154
11995,13.15512
11996,37.099663
11997,39.590714
11998,61.27324
11999,37.499794
12000,31.327888
12001,48.909103
12002,43.431488
12003,30.972992
12004,80.23248
12005,31.360683
12006,44.845184
12007,31.729652
12008,22.610373
12009,21.371086
12010,30.322973
12011,39.866306
12012,36.00481
12013,40.393593
12014,54.107025
12015,62.98809
12016,34.120586
12017,23.866982
12018,50.695045
12019,47.12214
12020,40.434326
12021,29.44754
12022,45.52359
12023,73.074615
12024,56.75731
12025,107.658806
12026,54.446106
12027,97.68007
12028,30.70528
12029,34.53817
12030,52.515373
12031,170.47212
12032,21.26077
12033,50.46607
12034,42.798714
12035,16.053652
12036,157.8361
12037,154.51587
12038,78.48034
12039,50.022568
12040,20.785065
12041,41.23062
12042,23.116081
12043,61.551285
12044,51.410385
12045,29.521175
12046,44.606556
12047,74.331406
12048,40.64873
12049,65.394135
12050,21.376049
12051,67.03937
12052,34.054367
12053,31.392889
12054,50.125694
12055,102.45587
12056,80.64526
12057,22.693527
12058,26.240944
12059,127.70262
12060,98.33797
12061,35.376305
12062,80.09741
12063,53.52602
12064,66.21237
12065,51.130432
12066,24.138203
12067,50.286766
12068,51.68982
12069,27.822063
12070,44.556564
12071,64.21672
12072,75.488655
12073,73.44142
12074,48.101673
12075,39.90851
12076,170.99994
12077,33.821762
12078,60.1687
12079,52.72908
12080,40.77396
12081,34.558308
12082,58.805378
12083,63.761147
12084,53.5452
12085,33.39374
12086,58.836308
12087,19.886913
12088,53.647858
12089,22.089363
12090,27.29382
12091,30.739048
12092,41.151073
12093,29.117725
12094,46.337055
12095,68.105484
12096,46.151352
12097,15.269047
12098,14.592216
12099,19.098974
12100,63.864326
12101,41.70751
12102,58.900505
12103,28.39779
12104,53.43766
12105,245.38278
12106,26.812586
12107,91.677155
12108,59.5738
12109,32.799107
12110,22.07439
12111,69.69419
12112,43.476704
12113,22.603691
12114,32.5492
12115,64.904816
12116,41.768192
12117,34.57321
12118,50.917957
12119,38.436752
12120,50.050903
12121,24.674149
12122,23.008156
12123,23.691357
12124,69.55169
12125,44.190514
12126,17.314262
12127,71.48253
12128,35.77001
12129,76.68205
12130,21.370136
12131,49.647644
12132,45.359203
12133,81.790794
12134,80.04488
12135,28.803923
12136,16.822617
12137,68.017654
12138,32.75933
12139,44.408245
12140,49.0965
12141,65.01428
12142,26.920464
12143,10.1388645
12144,80.309784
12145,35.337444
12146,26.50011
12147,27.44202
12148,23.897648
12149,66.003845
12150,30.0808
12151,48.81167
12152,47.861565
12153,46.15588
12154,42.040405
12155,51.986694
12156,24.750843
12157,13.188928
12158,27.63071
12159,33.54259
12160,11.989622
12161,34.813496
12162,36.844944
12163,25.920502
12164,58.30667
12165,39.905167
12166,81.49936
12167,69.0316
12168,25.610107
12169,54.902214
12170,46.4094
12171,63.976295
12172,61.48963
12173,59.6232
12174,60.75624
12175,72.30531
12176,67.30972
12177,82.51451
12178,88.366425
12179,37.017887
12180,99.85187
12181,23.49437
12182,41.52334
12183,48.464157
12184,47.476753
12185,63.3663
12186,20.234196
12187,37.508778
12188,41.33929
12189,26.534342
12190,65.081535
12191,21.755112
12192,31.493393
12193,125.001755
12194,27.136501
12195,66.74229
12196,21.142763
12197,23.268906
12198,70.808304
12199,43.900856
12200,42.72344
12201,40.285378
12202,129.57266
12203,34.975307
12204,34.74644
12205,41.83203
12206,33.289185
12207,39.743607
12208,24.184643
12209,23.135967
12210,99.12047
12211,24.995384
12212,45.34554
12213,9.727198
12214,15.916996
12215,37.914963
12216,136.07861
12217,41.007576
12218,27.115307
12219,30.885937
12220,61.93698
12221,34.64849
12222,53.93718
12223,60.166492
12224,33.426872
12225,34.228905
12226,64.18968
12227,43.496304
12228,45.49643
12229,67.43796
12230,52.476776
12231,45.937325
12232,14.93196
12233,27.51691
12234,47.6511
12235,50.616817
12236,28.803516
12237,34.781715
12238,38.537254
12239,28.15431
12240,34.51846
12241,25.502419
12242,40.811073
12243,37.942272
12244,48.36506
12245,41.185436
12246,48.239395
12247,80.13022
12248,77.57401
12249,52.69107
12250,29.05251
12251,60.02186
12252,42.64457
12253,17.419672
12254,70.35094
12255,32.037422
12256,48.576508
12257,30.434708
12258,33.727028
12259,18.170832
12260,52.62662
12261,26.585144
12262,27.513405
12263,79.28918
12264,83.38675
12265,30.830774
12266,23.80252
12267,39.76218
12268,32.106197
12269,55.79423
12270,52.02182
12271,60.82058
12272,47.946136
12273,34.97617
12274,42.084793
12275,23.196066
12276,95.173775
12277,44.488537
12278,66.724915
12279,107.70167
12280,76.1712
12281,51.36294
12282,22.096577
12283,39.35427
12284,164.72833
12285,30.212982
12286,41.63273
12287,47.226124
12288,94.7182
12289,36.385345
12290,23.680023
12291,68.6651
12292,25.74733
12293,167.50711
12294,51.543034
12295,39.71203
12296,65.547165
12297,59.924217
12298,55.34552
12299,26.314949
12300,30.358105
12301,35.193363
12302,78.86728
12303,242.86514
12304,132.98358
12305,40.80559
12306,34.478596
12307,25.763649
12308,25.887604
12309,30.524761
12310,36.80896
12311,20.889906
12312,29.83332
12313,31.929302
12314,51.47369
12315,45.116615
12316,105.47655
12317,26.709034
12318,32.34385
12319,109.86777
12320,38.400055
12321,48.999893
12322,44.227684
12323,27.049646
12324,53.26141
12325,34.23763
12326,33.140697
12327,25.711685
12328,40.846703
12329,23.73145
12330,50.478455
12331,46.739166
12332,125.70387
12333,23.967716
12334,36.361588
12335,24.425762
12336,37.86151
12337,85.65018
12338,53.45134
12339,25.223124
12340,33.478306
12341,49.707775
12342,118.57016
12343,30.82734
12344,116.7115
12345,44.130905
12346,84.933685
12347,32.613144
12348,48.233513
12349,65.582634
12350,43.572098
12351,48.477932
12352,27.18509
12353,50.24698
12354,33.926952
12355,34.1724
12356,36.999294
12357,41.076504
12358,54.68255
12359,32.79419
12360,22.991222
12361,37.741333
12362,43.359562
12363,33.94246
12364,39.235718
12365,31.266335
12366,44.168396
12367,66.00895
12368,77.62344
12369,36.83756
12370,67.44903
12371,33.135796
12372,32.03763
12373,17.659527
12374,30.45043
12375,30.58615
12376,59.865902
12377,16.289474
12378,31.412144
12379,31.209164
12380,85.70224
12381,25.38247
12382,57.188507
12383,28.39645
12384,38.32208
12385,55.900444
12386,48.880264
12387,45.90261
12388,56.437073
12389,24.117245
12390,52.071594
12391,22.866892
12392,56.248695
12393,24.523817
12394,29.615124
12395,40.581085
12396,21.530552
12397,73.35325
12398,22.823093
12399,74.78149
12400,28.014355
12401,24.715126
12402,43.505928
12403,36.35444
12404,13.165082
12405,39.101585
12406,114.47467
12407,44.727844
12408,49.781303
12409,105.33646
12410,72.806145
12411,26.410748
12412,31.81092
12413,63.79165
12414,83.77081
12415,32.577362
12416,42.971382
12417,45.77296
12418,86.707375
12419,36.811657
12420,20.131584
12421,29.257645
12422,51.17369
12423,50.52693
12424,68.92436
12425,33.369083
12426,162.36475
12427,34.13998
12428,29.889187
12429,30.00422
12430,39.706112
12431,46.728226
12432,87.737274
12433,34.933285
12434,19.678972
12435,51.7811
12436,31.031752
12437,82.70021
12438,54.730015
12439,113.49669
12440,54.33287
12441,29.933922
12442,31.423183
12443,68.47789
12444,56.348686
12445,58.882744
12446,98.324844
12447,38.535545
12448,46.226936
12449,35.495422
12450,40.777588
12451,23.69587
12452,40.592587
12453,38.329605
12454,46.796715
12455,73.746605
12456,70.52942
12457,27.666866
12458,39.418095
12459,21.054844
12460,39.280766
12461,57.397934
12462,35.135258
12463,33.776287
12464,44.95578
12465,43.9449
12466,61.565468
12467,72.56371
12468,25.292624
12469,94.75993
12470,18.593195
12471,72.79303
12472,38.759144
12473,40.568253
12474,62.527107
12475,18.12063
12476,72.84781
12477,22.79515
12478,28.808914
12479,21.168879
12480,61.134937
12481,49.227543
12482,41.268673
12483,56.422333
12484,28.081055
12485,49.02446
12486,66.17624
12487,20.35628
12488,83.19075
12489,59.24559
12490,39.16667
12491,42.65641
12492,80.209335
12493,84.96374
12494,14.061202
12495,32.299644
12496,40.82884
12497,69.964355
12498,27.44172
12499,50.838314
12500,64.56624
12501,43.915886
12502,39.497314
12503,38.00886
12504,30.710953
12505,30.325855
12506,31.382267
12507,86.182686
12508,24.053802
12509,21.913507
12510,69.25445
12511,70.61046
12512,69.541725
12513,48.133507
12514,50.803123
12515,29.742641
12516,41.438194
12517,63.06717
12518,43.99141
12519,41.61908
12520,63.964714
12521,30.005135
12522,31.72541
12523,36.613285
12524,60.546364
12525,75.516914
12526,31.532906
12527,72.28236
12528,87.42957
12529,61.659714
12530,44.374115
12531,33.54338
12532,103.439545
12533,30.24213
12534,50.84793
12535,65.75531
12536,46.53978
12537,53.693993
12538,20.66256
12539,80.28714
12540,31.665096
12541,22.366385
12542,50.209137
12543,71.80085
12544,29.44107
12545,42.060577
12546,62.301975
12547,32.46427
12548,17.112816
12549,47.081184
12550,67.021675
12551,49.86452
12552,30.868847
12553,59.315243
12554,76.732056
12555,37.20856
12556,31.144144
12557,37.001347
12558,58.199924
12559,44.210976
12560,52.548996
12561,26.263702
12562,42.130196
12563,91.43745
12564,40.08767
12565,50.433426
12566,65.39866
12567,128.3998
12568,64.48121
12569,27.592306
12570,102.72626
12571,56.633953
12572,20.072342
12573,38.35712
12574,66.38642
12575,26.842413
12576,19.184582
12577,51.488503
12578,118.070786
12579,234.4495
12580,38.17811
12581,21.520428
12582,70.3076
12583,45.19737
12584,26.488136
12585,29.306007
12586,24.938366
12587,44.156216
12588,37.75326
12589,88.642944
12590,28.13615
12591,60.104027
12592,41.93091
12593,25.500706
12594,113.052956
12595,90.92044
12596,85.39287
12597,37.762386
12598,26.6367
12599,33.95701
12600,45.893394
12601,59.620155
12602,55.68056
12603,19.442165
12604,86.608154
12605,27.571
12606,67.76327
12607,30.063923
12608,46.13234
12609,21.884558
12610,146.491
12611,84.91566
12612,63.317684
12613,28.531466
12614,27.334558
12615,34.61584
12616,68.36249
12617,76.449814
12618,41.26365
12619,41.81606
12620,37.412968
12621,71.2657
12622,28.52069
12623,29.6086
12624,199.25522
12625,36.067745
12626,17.316792
12627,55.75365
12628,37.44329
12629,8.657949
12630,33.613785
12631,50.128708
12632,28.821514
12633,84.86499
12634,89.42908
12635,181.7455
12636,80.17406
12637,39.599655
12638,39.68981
12639,26.246061
12640,102.75452
12641,25.602686
12642,34.670177
12643,55.88941
12644,27.609509
12645,37.77437
12646,31.067076
12647,37.412743
12648,46.88256
12649,39.935387
12650,46.138096
12651,21.184044
12652,51.705757
12653,35.178486
12654,83.2419
12655,83.15387
12656,73.16418
12657,37.34044
12658,28.573952
12659,30.4498
12660,51.35697
12661,35.619713
12662,27.376324
12663,33.88736
12664,50.668285
12665,49.498726
12666,80.57823
12667,33.193043
12668,39.5378
12669,83.527985
12670,59.533676
12671,22.68887
12672,51.926163
12673,57.081425
12674,45.803337
12675,66.081314
12676,42.685646
12677,43.213512
12678,54.74318
12679,26.06429
12680,33.14855
12681,39.267914
12682,53.20227
12683,18.95836
12684,42.960266
12685,49.22886
12686,43.227104
12687,51.893124
12688,58.707672
12689,33.339996
12690,100.300705
12691,26.918776
12692,60.173584
12693,29.875732
12694,52.72101
12695,39.981834
12696,27.4894
12697,25.246166
12698,32.189396
12699,38.792145
12700,71.68321
12701,29.208729
12702,32.48231
12703,33.06807
12704,31.801085
12705,23.800491
12706,37.661896
12707,51.207138
12708,71.05752
12709,52.479767
12710,24.71595
12711,45.3154
12712,169.32578
12713,45.976936
12714,49.818672
12715,52.7193
12716,44.652657
12717,63.365875
12718,135.18289
12719,38.049423
12720,42.619247
12721,57.034172
12722,60.441727
12723,22.905527
12724,18.878609
12725,335.5113
12726,31.152489
12727,39.828197
12728,55.373558
12729,66.47805
12730,16.710781
12731,41.983253
12732,29.52257
12733,48.895596
12734,252.36382
12735,84.14426
12736,45.47956
12737,29.172451
12738,26.284348
12739,24.742851
12740,89.91255
12741,26.653614
12742,86.3712
12743,60.054527
12744,33.35042
12745,57.372505
12746,43.062088
12747,86.45047
12748,28.327927
12749,40.441956
12750,69.67886
12751,36.70934
12752,48.256664
12753,31.519428
12754,52.62728
12755,74.5104
12756,76.49173
12757,54.323055
12758,19.55935
12759,49.23296
12760,36.093735
12761,36.08324
12762,68.70146
12763,27.841053
12764,175.77676
12765,55.09193
12766,33.15419
12767,77.646484
12768,55.173683
12769,29.686834
12770,29.19957
12771,52.611008
12772,52.551674
12773,32.69333
12774,54.19271
12775,83.235344
12776,27.761711
12777,42.186184
12778,51.648376
12779,31.840164
12780,13.168626
12781,345.24893
12782,41.196228
12783,54.06097
12784,28.082043
12785,80.837524
12786,48.484962
12787,55.541405
12788,81.79892
12789,43.103447
12790,35.3674
12791,38.129158
12792,69.381966
12793,34.027504
12794,66.2533
12795,29.16286
12796,29.860815
12797,23.68917
12798,43.780327
12799,33.214554
12800,30.433937
12801,87.84724
12802,25.428488
12803,47.37805
12804,136.59753
12805,52.016068
12806,36.03562
12807,27.237242
12808,104.43251
12809,22.596292
12810,23.152803
12811,92.69969
12812,106.31033
12813,24.286627
12814,10.832901
12815,34.95363
12816,35.590084
12817,53.8538
12818,37.334526
12819,27.010193
12820,148.27176
12821,54.23304
12822,21.802362
12823,57.912224
12824,65.94388
12825,32.52488
12826,49.167084
12827,87.75551
12828,107.89765
12829,29.04567
12830,50.419296
12831,40.61505
12832,122.916084
12833,27.081108
12834,32.274776
12835,50.750137
12836,34.528873
12837,47.3742
12838,26.882305
12839,326.99164
12840,34.112457
12841,76.48811
12842,31.27285
12843,24.257107
12844,53.010487
12845,40.078403
12846,73.49733
12847,32.47423
12848,48.969673
12849,253.01248
12850,52.386528
12851,54.014675
12852,76.15319
12853,31.82798
12854,32.469
12855,36.536926
12856,24.588236
12857,41.54763
12858,38.829727
12859,33.6141
12860,35.785915
12861,43.951614
12862,67.045906
12863,75.35429
12864,43.955036
12865,61.581337
12866,42.25329
12867,33.800713
12868,20.938747
12869,34.477997
12870,46.429634
12871,18.511288
12872,37.801834
12873,17.132359
12874,70.039444
12875,45.735683
12876,41.38483
12877,27.741573
12878,45.618317
12879,50.677063
12880,20.701778
12881,64.91147
12882,51.21795
12883,51.922615
12884,39.987526
12885,23.648333
12886,46.906773
12887,68.40109
12888,35.765373
12889,71.26187
12890,51.519524
12891,162.32315
12892,43.939217
12893,73.37661
12894,16.082031
12895,26.888004
12896,28.234394
12897,26.441963
12898,54.13385
12899,27.282673
12900,25.454063
12901,49.061428
12902,28.850897
12903,36.10565
12904,45.13289
12905,28.16912
12906,25.75602
12907,37.992935
12908,55.28547
12909,37.64206
12910,23.50031
12911,75.22709
12912,32.41308
12913,133.72981
12914,44.47708
12915,56.77849
12916,80.04351
12917,48.792625
12918,46.86242
12919,19.393444
12920,35.09689
12921,90.5082
12922,53.219345
12923,29.114162
12924,245.13612
12925,42.71293
12926,27.31152
12927,45.237343
12928,23.452223
12929,34.47193
12930,206.69815
12931,55.704506
12932,36.88281
12933,34.923664
12934,28.780361
12935,44.996227
12936,33.407467
12937,87.15999
12938,49.922226
12939,23.78683
12940,69.28601
12941,31.948107
12942,43.19833
12943,52.8415
12944,43.92567
12945,29.503357
12946,43.84545
12947,42.734535
12948,40.09552
12949,73.75322
12950,194.40201
12951,79.48828
12952,51.125977
12953,122.30114
12954,44.250362
12955,50.5298
12956,40.120594
12957,77.62718
12958,41.15756
12959,90.01834
12960,31.693714
12961,60.47494
12962,48.97251
12963,32.465042
12964,24.63187
12965,36.42823
12966,22.883184
12967,21.236477
12968,53.348618
12969,37.734436
12970,47.461
12971,36.62205
12972,36.26756
12973,67.94267
12974,37.753735
12975,53.92401
12976,24.154484
12977,70.23384
12978,25.123238
12979,54.743027
12980,61.49601
12981,49.915634
12982,40.666977
12983,53.39319
12984,34.439995
12985,28.825096
12986,55.846176
12987,47.816525
12988,41.724304
12989,31.81234
12990,92.78912
12991,38.20571
12992,63.20645
12993,30.987236
12994,31.79301
12995,48.829636
12996,68.21354
12997,42.250668
12998,68.09754
12999,51.495003
